Num_Variables,CUDA,Mean_t,Min_t,Min_Value
100,false,0.0015752982889733842,0.0009549000000000001,1.9472595875891948e-19
100,true,2.3649008333333335,2.3201,1.942727609015876e-19
200,false,0.006053025121359224,0.0037862000000000004,1.5610933906480514e-18
200,true,2.9014627500000003,2.8940271,1.5631200481390543e-18
300,false,0.02539010152284264,0.0180732,5.511218816220582e-18
300,true,7.531303200000001,7.531303200000001,5.4723198602982835e-18
400,false,0.038630862307692304,0.029807600000000004,1.6391953129991954e-18
400,true,12.5760889,12.5760889,1.6268308983712668e-18
